,user_id,target_item,item_name,iter,pre_rank,top_prediction_item_name,post_rank_random_all,post_rank_random_upper,post_rank_pop_all,post_rank_pop_upper,post_rank_diff_all,post_rank_diff_upper,critiqued_keyphrase_random,keyphrase_name_random,critiqued_keyphrase_pop,keyphrase_name_pop,critiqued_keyphrase_diff,keyphrase_name_diff,num_existing_keyphrases
0,300,101,b'Cabin Fever',0,4830,b'Sansotei Ramen',"[4830, 4720, 4589, 4394, 3757, 3473, 3180, 2864, 2579, 2399, 2254]","[4830, 4720, 4589, 4394, 3757, 3473, 3180, 2864, 2579, 2399, 2254]","[4830, 4870, 4919, 4942, 4934, 4890, 4815, 4680, 4561, 4425, 4334]","[4830, 4870, 4919, 4942, 4934, 4890, 4815, 4680, 4561, 4425, 4334]","[4830, 4773, 4694, 4577, 4428, 3891, 3663, 3471, 3192, 2984, 2805]","[4830, 4773, 4694, 4577, 4428, 3891, 3663, 3471, 3192, 2984, 2805]",37,bread,155,refill,53,tea,
1,300,101,b'Cabin Fever',1,4830,b'Sansotei Ramen',"[4830, 4739, 4610, 4486, 4284, 3670, 3412, 3168, 2935, 2735, 2576]","[4830, 4739, 4610, 4486, 4284, 3670, 3412, 3168, 2935, 2735, 2576]","[4830, 4739, 4610, 4486, 4284, 3670, 3412, 3168, 2935, 2735, 2576]","[4830, 4739, 4610, 4486, 4284, 3670, 3412, 3168, 2935, 2735, 2576]","[4830, 4818, 4805, 4773, 4722, 4663, 4565, 4447, 3824, 3419, 3001]","[4830, 4818, 4805, 4773, 4722, 4663, 4565, 4447, 3824, 3419, 3001]",105,latte,105,latte,153,friendly,
2,300,101,b'Cabin Fever',2,4830,b'Sansotei Ramen',"[4830, 4870, 4919, 4942, 4934, 4890, 4815, 4680, 4561, 4425, 4334]","[4830, 4870, 4919, 4942, 4934, 4890, 4815, 4680, 4561, 4425, 4334]","[4830, 4720, 4589, 4394, 3757, 3473, 3180, 2864, 2579, 2399, 2254]","[4830, 4720, 4589, 4394, 3757, 3473, 3180, 2864, 2579, 2399, 2254]","[4830, 4739, 4610, 4486, 4284, 3670, 3412, 3168, 2935, 2735, 2576]","[4830, 4739, 4610, 4486, 4284, 3670, 3412, 3168, 2935, 2735, 2576]",155,refill,37,bread,105,latte,
3,300,886,b'Wok & Roast Chinese BBQ',0,3515,b'Sansotei Ramen',"[3515, 3520, 3524, 3549, 3621, 4031, 4103, 4148, 4173, 4147, 4102]","[3515, 3520, 3524, 3549, 3621, 4031, 4103, 4148, 4173, 4147, 4102]","[3515, 2877, 2365, 2086, 1917, 1813, 1747, 1711, 1696, 1672, 1657]","[3515, 2877, 2365, 2086, 1917, 1813, 1747, 1711, 1696, 1672, 1657]","[3515, 3498, 3524, 3569, 3607, 3668, 4028, 4014, 3973, 3894, 3871]","[3515, 3498, 3524, 3569, 3607, 3668, 4028, 4014, 3973, 3894, 3871]",184,reasonable,223,general tao,27,bbq,
4,300,886,b'Wok & Roast Chinese BBQ',1,3515,b'Sansotei Ramen',"[3515, 3498, 3524, 3569, 3607, 3668, 4028, 4014, 3973, 3894, 3871]","[3515, 3498, 3524, 3569, 3607, 3668, 4028, 4014, 3973, 3894, 3871]","[3515, 2822, 2360, 2019, 1796, 1669, 1590, 1517, 1484, 1449, 1430]","[3515, 2822, 2360, 2019, 1796, 1669, 1590, 1517, 1484, 1449, 1430]","[3515, 3295, 3097, 2881, 2652, 2434, 2226, 2067, 1964, 1888, 1840]","[3515, 3295, 3097, 2881, 2652, 2434, 2226, 2067, 1964, 1888, 1840]",27,bbq,73,congee,0,chinese,
5,300,886,b'Wok & Roast Chinese BBQ',2,3515,b'Sansotei Ramen',"[3515, 2877, 2365, 2086, 1917, 1813, 1747, 1711, 1696, 1672, 1657]","[3515, 2877, 2365, 2086, 1917, 1813, 1747, 1711, 1696, 1672, 1657]","[3515, 4422, 5016, 5376, 5627, 5740, 5802, 5807, 5797, 5780, 5763]","[3515, 4422, 5016, 5376, 5627, 5740, 5802, 5807, 5797, 5780, 5763]","[3515, 4296, 4779, 5282, 5649, 5981, 6191, 6316, 6354, 6352, 6313]","[3515, 4296, 4779, 5282, 5649, 5981, 6191, 6316, 6354, 6352, 6313]",223,general tao,60,squid,5,fried,
6,300,886,b'Wok & Roast Chinese BBQ',3,3515,b'Sansotei Ramen',"[3515, 3367, 3220, 3076, 2921, 2733, 2551, 2397, 2261, 2141, 2070]","[3515, 3367, 3220, 3076, 2921, 2733, 2551, 2397, 2261, 2141, 2070]","[3515, 3340, 3194, 3055, 2902, 2751, 2616, 2525, 2457, 2429, 2444]","[3515, 3340, 3194, 3055, 2902, 2751, 2616, 2525, 2457, 2429, 2444]","[3515, 3340, 3194, 3055, 2902, 2751, 2616, 2525, 2457, 2429, 2444]","[3515, 3340, 3194, 3055, 2902, 2751, 2616, 2525, 2457, 2429, 2444]",46,fish,133,fried rice,133,fried rice,
7,300,886,b'Wok & Roast Chinese BBQ',4,3515,b'Sansotei Ramen',"[3515, 2822, 2360, 2019, 1796, 1669, 1590, 1517, 1484, 1449, 1430]","[3515, 2822, 2360, 2019, 1796, 1669, 1590, 1517, 1484, 1449, 1430]","[3515, 4382, 4970, 5417, 5776, 5975, 6115, 6179, 6172, 6162, 6138]","[3515, 4382, 4970, 5417, 5776, 5975, 6115, 6179, 6172, 6162, 6138]","[3515, 4422, 5016, 5376, 5627, 5740, 5802, 5807, 5797, 5780, 5763]","[3515, 4422, 5016, 5376, 5627, 5740, 5802, 5807, 5797, 5780, 5763]",73,congee,15,takeout,60,squid,
8,300,886,b'Wok & Roast Chinese BBQ',5,3515,b'Sansotei Ramen',"[3515, 4861, 5639, 6199, 6511, 6652, 6711, 6718, 6714, 6678, 6639]","[3515, 4861, 5639, 6199, 6511, 6652, 6711, 6718, 6714, 6678, 6639]","[3515, 4861, 5639, 6199, 6511, 6652, 6711, 6718, 6714, 6678, 6639]","[3515, 4861, 5639, 6199, 6511, 6652, 6711, 6718, 6714, 6678, 6639]","[3515, 2822, 2360, 2019, 1796, 1669, 1590, 1517, 1484, 1449, 1430]","[3515, 2822, 2360, 2019, 1796, 1669, 1590, 1517, 1484, 1449, 1430]",81,juice,81,juice,73,congee,
9,300,886,b'Wok & Roast Chinese BBQ',6,3515,b'Sansotei Ramen',"[3515, 4187, 4557, 4934, 5270, 5442, 5503, 5547, 5546, 5513, 5494]","[3515, 4187, 4557, 4934, 5270, 5442, 5503, 5547, 5546, 5513, 5494]","[3515, 3055, 2655, 2327, 2003, 1721, 1529, 1395, 1330, 1321, 1325]","[3515, 3055, 2655, 2327, 2003, 1721, 1529, 1395, 1330, 1321, 1325]","[3515, 2881, 2295, 1753, 1314, 983, 730, 535, 443, 374, 347]","[3515, 2881, 2295, 1753, 1314, 983, 730, 535, 443, 374, 347]",97,toast,115,lobster,52,beef,
10,300,886,b'Wok & Roast Chinese BBQ',7,3515,b'Sansotei Ramen',"[3515, 4840, 5647, 6197, 6545, 6819, 6952, 7016, 7058, 7073, 7062]","[3515, 4840, 5647, 6197, 6545, 6819, 6952, 7016, 7058, 7073, 7062]","[3515, 4840, 5647, 6197, 6545, 6819, 6952, 7016, 7058, 7073, 7062]","[3515, 4840, 5647, 6197, 6545, 6819, 6952, 7016, 7058, 7073, 7062]","[3515, 2477, 1682, 1159, 787, 557, 441, 372, 315, 281, 275]","[3515, 2477, 1682, 1159, 787, 557, 441, 372, 315, 281, 275]",171,fancy,171,fancy,198,crunchy,
11,300,886,b'Wok & Roast Chinese BBQ',8,3515,b'Sansotei Ramen',"[3515, 3340, 3194, 3055, 2902, 2751, 2616, 2525, 2457, 2429, 2444]","[3515, 3340, 3194, 3055, 2902, 2751, 2616, 2525, 2457, 2429, 2444]","[3515, 4187, 4557, 4934, 5270, 5442, 5503, 5547, 5546, 5513, 5494]","[3515, 4187, 4557, 4934, 5270, 5442, 5503, 5547, 5546, 5513, 5494]","[3515, 4211, 4645, 5096, 5528, 5952, 6326, 6644, 6845, 6942, 6944]","[3515, 4211, 4645, 5096, 5528, 5952, 6326, 6644, 6845, 6942, 6944]",133,fried rice,97,toast,213,pot,
12,300,886,b'Wok & Roast Chinese BBQ',9,3515,b'Sansotei Ramen',"[3515, 4382, 4970, 5417, 5776, 5975, 6115, 6179, 6172, 6162, 6138]","[3515, 4382, 4970, 5417, 5776, 5975, 6115, 6179, 6172, 6162, 6138]","[3515, 3364, 3166, 2981, 2744, 2530, 2358, 2215, 2122, 2085, 2058]","[3515, 3364, 3166, 2981, 2744, 2530, 2358, 2215, 2122, 2085, 2058]","[3515, 3599, 3726, 4276, 4508, 4721, 4852, 4953, 4944, 4902, 4845]","[3515, 3599, 3726, 4276, 4508, 4721, 4852, 4953, 4944, 4902, 4845]",15,takeout,215,sour,35,crispy,
13,300,968,b'Porter Airlines',0,663,b'Sansotei Ramen',"[663, 593, 531, 465, 404, 375, 367, 380, 408, 434, 471]","[663, 593, 531, 465, 404, 375, 367, 380, 408, 434, 471]","[663, 286, 180, 158, 141, 132, 136, 138, 140, 142, 143]","[663, 286, 180, 158, 141, 132, 136, 138, 140, 142, 143]","[663, 470, 316, 206, 158, 122, 100, 80, 79, 73, 73]","[663, 470, 316, 206, 158, 122, 100, 80, 79, 73, 73]",42,sandwich,230,alcoholic beverage,47,coffee,
14,300,968,b'Porter Airlines',1,663,b'Sansotei Ramen',"[663, 574, 514, 449, 389, 353, 334, 332, 363, 416, 486]","[663, 574, 514, 449, 389, 353, 334, 332, 363, 416, 486]","[663, 563, 487, 465, 506, 540, 608, 676, 733, 806, 869]","[663, 563, 487, 465, 506, 540, 608, 676, 733, 806, 869]","[663, 525, 388, 298, 229, 182, 158, 144, 135, 136, 149]","[663, 525, 388, 298, 229, 182, 158, 144, 135, 136, 149]",105,latte,69,cookie,26,downtown,
15,300,968,b'Porter Airlines',2,663,b'Sansotei Ramen',"[663, 1072, 2330, 5867, 6887, 7139, 7256, 7279, 7297, 7312, 7317]","[663, 1072, 2330, 5867, 6887, 7139, 7256, 7279, 7297, 7312, 7317]","[663, 600, 579, 589, 616, 683, 753, 843, 917, 999, 1083]","[663, 600, 579, 589, 616, 683, 753, 843, 917, 999, 1083]","[663, 588, 515, 458, 409, 369, 370, 382, 389, 407, 442]","[663, 588, 515, 458, 409, 369, 370, 382, 389, 407, 442]",94,coconut,205,gelato,116,wine,
16,300,968,b'Porter Airlines',3,663,b'Sansotei Ramen',"[663, 801, 1122, 1778, 3477, 5607, 6248, 6532, 6692, 6772, 6817]","[663, 801, 1122, 1778, 3477, 5607, 6248, 6532, 6692, 6772, 6817]","[663, 462, 320, 254, 221, 203, 192, 199, 199, 209, 220]","[663, 462, 320, 254, 221, 203, 192, 199, 199, 209, 220]","[663, 613, 557, 509, 448, 393, 362, 327, 318, 360, 437]","[663, 613, 557, 509, 448, 393, 362, 327, 318, 360, 437]",68,banana,65,espresso,87,tart,
17,300,968,b'Porter Airlines',4,663,b'Sansotei Ramen',"[663, 569, 498, 443, 395, 370, 362, 389, 426, 481, 534]","[663, 569, 498, 443, 395, 370, 362, 389, 426, 481, 534]","[663, 545, 452, 367, 296, 280, 288, 302, 330, 357, 397]","[663, 545, 452, 367, 296, 280, 288, 302, 330, 357, 397]","[663, 638, 602, 589, 628, 690, 857, 1177, 1641, 2437, 3813]","[663, 638, 602, 589, 628, 690, 857, 1177, 1641, 2437, 3813]",215,sour,163,dog,172,comfortable,
18,300,968,b'Porter Airlines',5,663,b'Sansotei Ramen',"[663, 563, 487, 465, 506, 540, 608, 676, 733, 806, 869]","[663, 563, 487, 465, 506, 540, 608, 676, 733, 806, 869]","[663, 801, 1122, 1778, 3477, 5607, 6248, 6532, 6692, 6772, 6817]","[663, 801, 1122, 1778, 3477, 5607, 6248, 6532, 6692, 6772, 6817]","[663, 663, 671, 680, 696, 722, 807, 935, 1350, 2689, 5046]","[663, 663, 671, 680, 696, 722, 807, 935, 1350, 2689, 5046]",69,cookie,68,banana,185,wait,
19,300,968,b'Porter Airlines',6,663,b'Sansotei Ramen',"[663, 286, 180, 158, 141, 132, 136, 138, 140, 142, 143]","[663, 286, 180, 158, 141, 132, 136, 138, 140, 142, 143]","[663, 483, 356, 258, 210, 177, 161, 148, 152, 164, 164]","[663, 483, 356, 258, 210, 177, 161, 148, 152, 164, 164]","[663, 653, 647, 640, 642, 666, 671, 720, 866, 1215, 2149]","[663, 653, 647, 640, 642, 666, 671, 720, 866, 1215, 2149]",230,alcoholic beverage,195,healthy,153,friendly,
20,300,968,b'Porter Airlines',7,663,b'Sansotei Ramen',"[663, 629, 609, 604, 631, 699, 823, 1028, 1321, 1648, 2029]","[663, 629, 609, 604, 631, 699, 823, 1028, 1321, 1648, 2029]","[663, 884, 1336, 2556, 5676, 6604, 6925, 7058, 7125, 7149, 7161]","[663, 884, 1336, 2556, 5676, 6604, 6925, 7058, 7125, 7149, 7161]","[663, 725, 857, 1022, 1303, 1766, 2719, 4984, 6110, 6576, 6805]","[663, 725, 857, 1022, 1303, 1766, 2719, 4984, 6110, 6576, 6805]",29,breakfast,81,juice,41,beer,
21,300,968,b'Porter Airlines',8,663,b'Sansotei Ramen',"[663, 908, 1408, 2649, 5858, 6875, 7196, 7306, 7352, 7357, 7366]","[663, 908, 1408, 2649, 5858, 6875, 7196, 7306, 7352, 7357, 7366]","[663, 1072, 2330, 5867, 6887, 7139, 7256, 7279, 7297, 7312, 7317]","[663, 1072, 2330, 5867, 6887, 7139, 7256, 7279, 7297, 7312, 7317]","[663, 601, 560, 508, 439, 401, 408, 481, 606, 814, 1105]","[663, 601, 560, 508, 439, 401, 408, 481, 606, 814, 1105]",37,bread,94,coconut,167,pleasant,
22,300,968,b'Porter Airlines',9,663,b'Sansotei Ramen',"[663, 468, 301, 201, 157, 119, 101, 76, 75, 69, 66]","[663, 468, 301, 201, 157, 119, 101, 76, 75, 69, 66]","[663, 468, 301, 201, 157, 119, 101, 76, 75, 69, 66]","[663, 468, 301, 201, 157, 119, 101, 76, 75, 69, 66]","[663, 1174, 2735, 6266, 7098, 7294, 7354, 7381, 7395, 7410, 7413]","[663, 1174, 2735, 6266, 7098, 7294, 7354, 7381, 7395, 7410, 7413]",103,fruit,103,fruit,154,convenient,
23,300,1898,b'416 Snack Bar',0,20,b'Sansotei Ramen',"[20, 20, 21, 20, 23, 27, 35, 42, 47, 59, 74]","[20, 20, 21, 20, 23, 27, 35, 42, 47, 59, 74]","[20, 25, 54, 104, 283, 1379, 5945, 6947, 7179, 7274, 7315]","[20, 25, 54, 104, 283, 1379, 5945, 6947, 7179, 7274, 7315]","[20, 18, 17, 16, 13, 11, 10, 8, 9, 6, 4]","[20, 18, 17, 16, 13, 11, 10, 8, 9, 6, 4]",100,oyster,63,donut,3,bar,
24,300,1898,b'416 Snack Bar',1,20,b'Sansotei Ramen',"[20, 18, 15, 15, 16, 17, 28, 38, 58, 120, 201]","[20, 18, 15, 15, 16, 17, 28, 38, 58, 120, 201]","[20, 23, 32, 46, 78, 140, 280, 602, 1390, 3902, 5846]","[20, 23, 32, 46, 78, 140, 280, 602, 1390, 3902, 5846]","[20, 21, 22, 27, 33, 50, 74, 136, 449, 4615, 6888]","[20, 21, 22, 27, 33, 50, 74, 136, 449, 4615, 6888]",123,steak,66,octopus,119,bun,
25,300,1898,b'416 Snack Bar',2,20,b'Sansotei Ramen',"[20, 20, 21, 25, 28, 34, 58, 115, 230, 535, 1329]","[20, 20, 21, 25, 28, 34, 58, 115, 230, 535, 1329]","[20, 23, 25, 41, 70, 120, 252, 699, 2320, 5580, 6555]","[20, 23, 25, 41, 70, 120, 252, 699, 2320, 5580, 6555]","[20, 20, 26, 29, 43, 58, 102, 321, 5040, 7194, 7368]","[20, 20, 26, 29, 43, 58, 102, 321, 5040, 7194, 7368]",70,honey,60,squid,87,tart,
26,300,1898,b'416 Snack Bar',3,20,b'Sansotei Ramen',"[20, 25, 31, 53, 120, 268, 738, 2080, 5676, 6681, 7014]","[20, 25, 31, 53, 120, 268, 738, 2080, 5676, 6681, 7014]","[20, 29, 61, 132, 493, 5088, 7165, 7359, 7397, 7418, 7428]","[20, 29, 61, 132, 493, 5088, 7165, 7359, 7397, 7418, 7428]","[20, 20, 22, 28, 45, 70, 141, 402, 2450, 6805, 7230]","[20, 20, 22, 28, 45, 70, 141, 402, 2450, 6805, 7230]",140,movie,12,mexican,5,fried,
27,300,1898,b'416 Snack Bar',4,20,b'Sansotei Ramen',"[20, 21, 23, 29, 36, 47, 66, 119, 198, 416, 1239]","[20, 21, 23, 29, 36, 47, 66, 119, 198, 416, 1239]","[20, 25, 43, 88, 236, 828, 4459, 6861, 7194, 7292, 7313]","[20, 25, 43, 88, 236, 828, 4459, 6861, 7194, 7292, 7313]","[20, 17, 13, 11, 14, 20, 29, 39, 49, 59, 66]","[20, 17, 13, 11, 14, 20, 29, 39, 49, 59, 66]",42,sandwich,74,skewer,127,fried chicken,
28,300,1898,b'416 Snack Bar',5,20,b'Sansotei Ramen',"[20, 18, 19, 18, 17, 17, 16, 17, 22, 34, 51]","[20, 18, 19, 18, 17, 17, 16, 17, 22, 34, 51]","[20, 25, 31, 53, 120, 268, 738, 2080, 5676, 6681, 7014]","[20, 25, 31, 53, 120, 268, 738, 2080, 5676, 6681, 7014]","[20, 20, 21, 20, 23, 27, 35, 42, 47, 59, 74]","[20, 20, 21, 20, 23, 27, 35, 42, 47, 59, 74]",105,latte,140,movie,100,oyster,
29,300,1898,b'416 Snack Bar',6,20,b'Sansotei Ramen',"[20, 20, 24, 26, 31, 50, 80, 179, 442, 1665, 6029]","[20, 20, 24, 26, 31, 50, 80, 179, 442, 1665, 6029]","[20, 22, 20, 20, 22, 29, 35, 48, 59, 76, 96]","[20, 22, 20, 20, 22, 29, 35, 48, 59, 76, 96]","[20, 18, 15, 15, 16, 17, 28, 38, 58, 120, 201]","[20, 18, 15, 15, 16, 17, 28, 38, 58, 120, 201]",201,stick,64,olive,123,steak,
30,300,1898,b'416 Snack Bar',7,20,b'Sansotei Ramen',"[20, 20, 24, 31, 41, 60, 105, 188, 461, 1471, 5301]","[20, 20, 24, 31, 41, 60, 105, 188, 461, 1471, 5301]","[20, 19, 16, 16, 16, 16, 18, 21, 26, 31, 41]","[20, 19, 16, 16, 16, 16, 18, 21, 26, 31, 41]","[20, 20, 19, 19, 18, 21, 23, 21, 34, 46, 69]","[20, 20, 19, 19, 18, 21, 23, 21, 34, 46, 69]",111,lamb,13,vietnamese,41,beer,
31,300,1898,b'416 Snack Bar',8,20,b'Sansotei Ramen',"[20, 18, 16, 14, 16, 18, 34, 43, 64, 104, 152]","[20, 18, 16, 14, 16, 18, 34, 43, 64, 104, 152]","[20, 23, 37, 65, 130, 290, 898, 4802, 6664, 7072, 7238]","[20, 23, 37, 65, 130, 290, 898, 4802, 6664, 7072, 7238]","[20, 20, 20, 20, 23, 29, 38, 68, 216, 2446, 7213]","[20, 20, 20, 20, 23, 29, 38, 68, 216, 2446, 7213]",197,refreshing,84,kimchi,148,mall,
32,300,1898,b'416 Snack Bar',9,20,b'Sansotei Ramen',"[20, 18, 17, 16, 17, 15, 14, 9, 12, 26, 54]","[20, 18, 17, 16, 17, 15, 14, 9, 12, 26, 54]","[20, 20, 21, 25, 28, 34, 58, 115, 230, 535, 1329]","[20, 20, 21, 25, 28, 34, 58, 115, 230, 535, 1329]","[20, 19, 18, 16, 17, 17, 19, 24, 29, 41, 60]","[20, 19, 18, 16, 17, 17, 19, 24, 29, 41, 60]",184,reasonable,70,honey,116,wine,
33,300,2803,b'Harlem Underground',0,751,b'Sansotei Ramen',"[751, 653, 556, 523, 501, 527, 565, 627, 696, 763, 826]","[751, 653, 556, 523, 501, 527, 565, 627, 696, 763, 826]","[751, 285, 200, 175, 170, 166, 172, 174, 177, 179, 180]","[751, 285, 200, 175, 170, 166, 172, 174, 177, 179, 180]","[751, 568, 448, 351, 293, 281, 290, 314, 329, 344, 356]","[751, 568, 448, 351, 293, 281, 290, 314, 329, 344, 356]",199,chili,233,english muffin,118,waffle,
34,300,2803,b'Harlem Underground',1,751,b'Sansotei Ramen',"[751, 827, 956, 1201, 1711, 2682, 4691, 5570, 5998, 6254, 6387]","[751, 827, 956, 1201, 1711, 2682, 4691, 5570, 5998, 6254, 6387]","[751, 776, 858, 1016, 1293, 1675, 2167, 2828, 3594, 4632, 5019]","[751, 776, 858, 1016, 1293, 1675, 2167, 2828, 3594, 4632, 5019]","[751, 697, 659, 631, 589, 548, 510, 523, 603, 709, 940]","[751, 697, 659, 631, 589, 548, 510, 523, 603, 709, 940]",204,dip,194,gravy,56,chicken,
35,300,2803,b'Harlem Underground',2,751,b'Sansotei Ramen',"[751, 776, 858, 1016, 1293, 1675, 2167, 2828, 3594, 4632, 5019]","[751, 776, 858, 1016, 1293, 1675, 2167, 2828, 3594, 4632, 5019]","[751, 920, 1279, 1994, 4225, 5702, 6268, 6527, 6675, 6750, 6790]","[751, 920, 1279, 1994, 4225, 5702, 6268, 6527, 6675, 6750, 6790]","[751, 891, 1100, 1506, 2348, 4822, 6244, 6785, 6985, 7077, 7133]","[751, 891, 1100, 1506, 2348, 4822, 6244, 6785, 6985, 7077, 7133]",194,gravy,68,banana,5,fried,
36,300,2803,b'Harlem Underground',3,751,b'Sansotei Ramen',"[751, 741, 766, 844, 999, 1175, 1428, 1729, 2026, 2349, 2652]","[751, 741, 766, 844, 999, 1175, 1428, 1729, 2026, 2349, 2652]","[751, 862, 1069, 1455, 2225, 3462, 5222, 5842, 6193, 6389, 6521]","[751, 862, 1069, 1455, 2225, 3462, 5222, 5842, 6193, 6389, 6521]","[751, 622, 544, 438, 356, 305, 251, 236, 218, 208, 209]","[751, 622, 544, 438, 356, 305, 251, 236, 218, 208, 209]",209,smoked,19,indian,46,fish,
37,300,2803,b'Harlem Underground',4,751,b'Sansotei Ramen',"[751, 773, 795, 877, 1009, 1255, 1645, 2306, 3348, 4794, 5386]","[751, 773, 795, 877, 1009, 1255, 1645, 2306, 3348, 4794, 5386]","[751, 588, 473, 396, 385, 389, 402, 433, 475, 529, 567]","[751, 588, 473, 396, 385, 389, 402, 433, 475, 529, 567]","[751, 586, 476, 358, 257, 191, 154, 133, 120, 110, 125]","[751, 586, 476, 358, 257, 191, 154, 133, 120, 110, 125]",105,latte,189,fluffy,49,cheese,
38,300,2803,b'Harlem Underground',5,751,b'Sansotei Ramen',"[751, 943, 1330, 2135, 4559, 5958, 6523, 6783, 6939, 6997, 7029]","[751, 943, 1330, 2135, 4559, 5958, 6523, 6783, 6939, 6997, 7029]","[751, 905, 1220, 1844, 3180, 5305, 6087, 6463, 6650, 6743, 6809]","[751, 905, 1220, 1844, 3180, 5305, 6087, 6463, 6650, 6743, 6809]","[751, 593, 476, 373, 296, 253, 226, 214, 210, 208, 213]","[751, 593, 476, 373, 296, 253, 226, 214, 210, 208, 213]",22,french,132,spring roll,31,brunch,
39,300,2803,b'Harlem Underground',6,751,b'Sansotei Ramen',"[751, 743, 741, 774, 840, 994, 1262, 1705, 2392, 3296, 4486]","[751, 743, 741, 774, 840, 994, 1262, 1705, 2392, 3296, 4486]","[751, 696, 660, 624, 617, 623, 684, 796, 947, 1080, 1249]","[751, 696, 660, 624, 617, 623, 684, 796, 947, 1080, 1249]","[751, 515, 353, 286, 245, 219, 205, 199, 196, 202, 213]","[751, 515, 353, 286, 245, 219, 205, 199, 196, 202, 213]",34,potato,160,overpriced,127,fried chicken,
40,300,2803,b'Harlem Underground',7,751,b'Sansotei Ramen',"[751, 696, 660, 624, 617, 623, 684, 796, 947, 1080, 1249]","[751, 696, 660, 624, 617, 623, 684, 796, 947, 1080, 1249]","[751, 653, 556, 523, 501, 527, 565, 627, 696, 763, 826]","[751, 653, 556, 523, 501, 527, 565, 627, 696, 763, 826]","[751, 808, 872, 984, 1204, 1605, 2288, 4184, 5540, 6069, 6349]","[751, 808, 872, 984, 1204, 1605, 2288, 4184, 5540, 6069, 6349]",160,overpriced,199,chili,37,bread,
41,300,2803,b'Harlem Underground',8,751,b'Sansotei Ramen',"[751, 688, 627, 589, 571, 568, 583, 675, 776, 945, 1093]","[751, 688, 627, 589, 571, 568, 583, 675, 776, 945, 1093]","[751, 860, 1038, 1386, 1871, 2623, 4120, 5109, 5654, 5960, 6140]","[751, 860, 1038, 1386, 1871, 2623, 4120, 5109, 5654, 5960, 6140]","[751, 747, 743, 749, 763, 794, 850, 968, 1186, 1483, 2089]","[751, 747, 743, 749, 763, 794, 850, 968, 1186, 1483, 2089]",215,sour,80,avocado,3,bar,
42,300,2803,b'Harlem Underground',9,751,b'Sansotei Ramen',"[751, 733, 714, 742, 788, 899, 1024, 1151, 1370, 1744, 2301]","[751, 733, 714, 742, 788, 899, 1024, 1151, 1370, 1744, 2301]","[751, 702, 656, 641, 640, 687, 756, 839, 933, 1060, 1197]","[751, 702, 656, 641, 640, 687, 756, 839, 933, 1060, 1197]","[751, 883, 1156, 1689, 2741, 4753, 5576, 5986, 6218, 6368, 6485]","[751, 883, 1156, 1689, 2741, 4753, 5576, 5986, 6218, 6368, 6485]",47,coffee,193,mayo,107,pancake,
43,300,3822,b'On The Rocks',0,4315,b'Sansotei Ramen',"[4315, 4332, 4357, 4416, 4398, 4369, 4316, 4243, 4203, 4127, 4058]","[4315, 4332, 4357, 4416, 4398, 4369, 4316, 4243, 4203, 4127, 4058]","[4315, 4332, 4357, 4416, 4398, 4369, 4316, 4243, 4203, 4127, 4058]","[4315, 4332, 4357, 4416, 4398, 4369, 4316, 4243, 4203, 4127, 4058]","[4315, 4332, 4357, 4416, 4398, 4369, 4316, 4243, 4203, 4127, 4058]","[4315, 4332, 4357, 4416, 4398, 4369, 4316, 4243, 4203, 4127, 4058]",133,fried rice,133,fried rice,133,fried rice,
44,300,4025,b'Starbucks',0,4363,b'Sansotei Ramen',"[4363, 4497, 4600, 4740, 4859, 4949, 4914, 4836, 4768, 4661, 4625]","[4363, 4497, 4600, 4740, 4859, 4949, 4914, 4836, 4768, 4661, 4625]","[4363, 4255, 3715, 3581, 3392, 3211, 3067, 2923, 2787, 2703, 2644]","[4363, 4255, 3715, 3581, 3392, 3211, 3067, 2923, 2787, 2703, 2644]","[4363, 4497, 4600, 4740, 4859, 4949, 4914, 4836, 4768, 4661, 4625]","[4363, 4497, 4600, 4740, 4859, 4949, 4914, 4836, 4768, 4661, 4625]",29,breakfast,113,bacon,29,breakfast,
45,300,4025,b'Starbucks',1,4363,b'Sansotei Ramen',"[4363, 4357, 4341, 4348, 4357, 4331, 4244, 4129, 3992, 3874, 3750]","[4363, 4357, 4341, 4348, 4357, 4331, 4244, 4129, 3992, 3874, 3750]","[4363, 4453, 4545, 4669, 4734, 4744, 4713, 4680, 4625, 4555, 4495]","[4363, 4453, 4545, 4669, 4734, 4744, 4713, 4680, 4625, 4555, 4495]","[4363, 4255, 3715, 3581, 3392, 3211, 3067, 2923, 2787, 2703, 2644]","[4363, 4255, 3715, 3581, 3392, 3211, 3067, 2923, 2787, 2703, 2644]",42,sandwich,215,sour,113,bacon,
46,300,4025,b'Starbucks',2,4363,b'Sansotei Ramen',"[4363, 4255, 3715, 3581, 3392, 3211, 3067, 2923, 2787, 2703, 2644]","[4363, 4255, 3715, 3581, 3392, 3211, 3067, 2923, 2787, 2703, 2644]","[4363, 4497, 4600, 4740, 4859, 4949, 4914, 4836, 4768, 4661, 4625]","[4363, 4497, 4600, 4740, 4859, 4949, 4914, 4836, 4768, 4661, 4625]","[4363, 4357, 4341, 4348, 4357, 4331, 4244, 4129, 3992, 3874, 3750]","[4363, 4357, 4341, 4348, 4357, 4331, 4244, 4129, 3992, 3874, 3750]",113,bacon,29,breakfast,42,sandwich,
47,300,4025,b'Starbucks',3,4363,b'Sansotei Ramen',"[4363, 4453, 4545, 4669, 4734, 4744, 4713, 4680, 4625, 4555, 4495]","[4363, 4453, 4545, 4669, 4734, 4744, 4713, 4680, 4625, 4555, 4495]","[4363, 4357, 4341, 4348, 4357, 4331, 4244, 4129, 3992, 3874, 3750]","[4363, 4357, 4341, 4348, 4357, 4331, 4244, 4129, 3992, 3874, 3750]","[4363, 4453, 4545, 4669, 4734, 4744, 4713, 4680, 4625, 4555, 4495]","[4363, 4453, 4545, 4669, 4734, 4744, 4713, 4680, 4625, 4555, 4495]",215,sour,42,sandwich,215,sour,
48,300,4906,b'Full Stop',0,491,b'Sansotei Ramen',"[491, 487, 492, 502, 535, 595, 766, 1063, 1595, 2565, 4334]","[491, 487, 492, 502, 535, 595, 766, 1063, 1595, 2565, 4334]","[491, 409, 355, 329, 338, 341, 374, 429, 475, 531, 587]","[491, 409, 355, 329, 338, 341, 374, 429, 475, 531, 587]","[491, 452, 394, 338, 313, 308, 292, 316, 355, 431, 527]","[491, 452, 394, 338, 313, 308, 292, 316, 355, 431, 527]",37,bread,65,espresso,105,latte,
49,300,4906,b'Full Stop',1,491,b'Sansotei Ramen',"[491, 471, 470, 514, 612, 838, 1268, 1888, 2899, 4415, 5032]","[491, 471, 470, 514, 612, 838, 1268, 1888, 2899, 4415, 5032]","[491, 445, 397, 398, 436, 489, 598, 753, 934, 1198, 1495]","[491, 445, 397, 398, 436, 489, 598, 753, 934, 1198, 1495]","[491, 425, 365, 308, 273, 273, 272, 291, 338, 391, 465]","[491, 425, 365, 308, 273, 273, 272, 291, 338, 391, 465]",81,juice,68,banana,47,coffee,
50,300,4906,b'Full Stop',2,491,b'Sansotei Ramen',"[491, 544, 659, 880, 1383, 2389, 4810, 5774, 6281, 6544, 6671]","[491, 544, 659, 880, 1383, 2389, 4810, 5774, 6281, 6544, 6671]","[491, 471, 470, 514, 612, 838, 1268, 1888, 2899, 4415, 5032]","[491, 471, 470, 514, 612, 838, 1268, 1888, 2899, 4415, 5032]","[491, 419, 358, 285, 259, 229, 228, 238, 259, 304, 351]","[491, 419, 358, 285, 259, 229, 228, 238, 259, 304, 351]",22,french,81,juice,216,baked,
51,300,4906,b'Full Stop',3,491,b'Sansotei Ramen',"[491, 452, 394, 338, 313, 308, 292, 316, 355, 431, 527]","[491, 452, 394, 338, 313, 308, 292, 316, 355, 431, 527]","[491, 544, 659, 880, 1383, 2389, 4810, 5774, 6281, 6544, 6671]","[491, 544, 659, 880, 1383, 2389, 4810, 5774, 6281, 6544, 6671]","[491, 445, 397, 398, 436, 489, 598, 753, 934, 1198, 1495]","[491, 445, 397, 398, 436, 489, 598, 753, 934, 1198, 1495]",105,latte,22,french,68,banana,
52,300,4906,b'Full Stop',4,491,b'Sansotei Ramen',"[491, 445, 397, 398, 436, 489, 598, 753, 934, 1198, 1495]","[491, 445, 397, 398, 436, 489, 598, 753, 934, 1198, 1495]","[491, 419, 358, 285, 259, 229, 228, 238, 259, 304, 351]","[491, 419, 358, 285, 259, 229, 228, 238, 259, 304, 351]","[491, 487, 492, 502, 535, 595, 766, 1063, 1595, 2565, 4334]","[491, 487, 492, 502, 535, 595, 766, 1063, 1595, 2565, 4334]",68,banana,216,baked,37,bread,
53,300,4906,b'Full Stop',5,491,b'Sansotei Ramen',"[491, 513, 539, 575, 656, 804, 1044, 1565, 2425, 4222, 5200]","[491, 513, 539, 575, 656, 804, 1044, 1565, 2425, 4222, 5200]","[491, 485, 478, 495, 558, 665, 867, 1183, 1698, 2337, 3254]","[491, 485, 478, 495, 558, 665, 867, 1183, 1698, 2337, 3254]","[491, 470, 450, 458, 503, 579, 758, 1016, 1424, 1882, 2603]","[491, 470, 450, 458, 503, 579, 758, 1016, 1424, 1882, 2603]",42,sandwich,29,breakfast,144,chair,
54,300,4906,b'Full Stop',6,491,b'Sansotei Ramen',"[491, 419, 358, 285, 259, 229, 228, 238, 259, 304, 351]","[491, 419, 358, 285, 259, 229, 228, 238, 259, 304, 351]","[491, 452, 394, 338, 313, 308, 292, 316, 355, 431, 527]","[491, 452, 394, 338, 313, 308, 292, 316, 355, 431, 527]","[491, 489, 499, 511, 524, 562, 626, 766, 1144, 1991, 4743]","[491, 489, 499, 511, 524, 562, 626, 766, 1144, 1991, 4743]",216,baked,105,latte,213,pot,
55,300,4906,b'Full Stop',7,491,b'Sansotei Ramen',"[491, 425, 365, 308, 273, 273, 272, 291, 338, 391, 465]","[491, 425, 365, 308, 273, 273, 272, 291, 338, 391, 465]","[491, 513, 539, 575, 656, 804, 1044, 1565, 2425, 4222, 5200]","[491, 513, 539, 575, 656, 804, 1044, 1565, 2425, 4222, 5200]","[491, 498, 502, 515, 530, 567, 653, 803, 1217, 2452, 5572]","[491, 498, 502, 515, 530, 567, 653, 803, 1217, 2452, 5572]",47,coffee,42,sandwich,153,friendly,
56,300,4906,b'Full Stop',8,491,b'Sansotei Ramen',"[491, 485, 478, 495, 558, 665, 867, 1183, 1698, 2337, 3254]","[491, 485, 478, 495, 558, 665, 867, 1183, 1698, 2337, 3254]","[491, 425, 365, 308, 273, 273, 272, 291, 338, 391, 465]","[491, 425, 365, 308, 273, 273, 272, 291, 338, 391, 465]","[491, 513, 539, 575, 656, 804, 1044, 1565, 2425, 4222, 5200]","[491, 513, 539, 575, 656, 804, 1044, 1565, 2425, 4222, 5200]",29,breakfast,47,coffee,42,sandwich,
57,300,4906,b'Full Stop',9,491,b'Sansotei Ramen',"[491, 409, 355, 329, 338, 341, 374, 429, 475, 531, 587]","[491, 409, 355, 329, 338, 341, 374, 429, 475, 531, 587]","[491, 487, 492, 502, 535, 595, 766, 1063, 1595, 2565, 4334]","[491, 487, 492, 502, 535, 595, 766, 1063, 1595, 2565, 4334]","[491, 485, 478, 495, 558, 665, 867, 1183, 1698, 2337, 3254]","[491, 485, 478, 495, 558, 665, 867, 1183, 1698, 2337, 3254]",65,espresso,37,bread,29,breakfast,
58,300,5041,b'Playa Cabana Cantina',0,82,b'Sansotei Ramen',"[82, 76, 71, 64, 62, 60, 65, 77, 115, 179, 288]","[82, 76, 71, 64, 62, 60, 65, 77, 115, 179, 288]","[82, 92, 148, 288, 738, 1642, 3425, 5316, 5893, 6198, 6376]","[82, 92, 148, 288, 738, 1642, 3425, 5316, 5893, 6198, 6376]","[82, 66, 39, 26, 20, 19, 19, 17, 17, 16, 18]","[82, 66, 39, 26, 20, 19, 19, 17, 17, 16, 18]",34,potato,10,mexico,32,taco,
59,300,5041,b'Playa Cabana Cantina',1,82,b'Sansotei Ramen',"[82, 79, 80, 84, 97, 120, 162, 273, 590, 1759, 5242]","[82, 79, 80, 84, 97, 120, 162, 273, 590, 1759, 5242]","[82, 93, 126, 190, 334, 725, 1518, 3650, 5269, 5983, 6353]","[82, 93, 126, 190, 334, 725, 1518, 3650, 5269, 5983, 6353]","[82, 65, 51, 41, 36, 34, 38, 39, 41, 52, 55]","[82, 65, 51, 41, 36, 34, 38, 39, 41, 52, 55]",48,burger,63,donut,12,mexican,
60,300,5041,b'Playa Cabana Cantina',2,82,b'Sansotei Ramen',"[82, 81, 87, 87, 99, 119, 158, 215, 300, 405, 604]","[82, 81, 87, 87, 99, 119, 158, 215, 300, 405, 604]","[82, 96, 103, 136, 216, 350, 576, 983, 1629, 2680, 4554]","[82, 96, 103, 136, 216, 350, 576, 983, 1629, 2680, 4554]","[82, 75, 72, 68, 63, 56, 52, 56, 64, 76, 101]","[82, 75, 72, 68, 63, 56, 52, 56, 64, 76, 101]",115,lobster,66,octopus,46,fish,
61,300,5041,b'Playa Cabana Cantina',3,82,b'Sansotei Ramen',"[82, 92, 148, 288, 738, 1642, 3425, 5316, 5893, 6198, 6376]","[82, 92, 148, 288, 738, 1642, 3425, 5316, 5893, 6198, 6376]","[82, 65, 51, 41, 36, 34, 38, 39, 41, 52, 55]","[82, 65, 51, 41, 36, 34, 38, 39, 41, 52, 55]","[82, 78, 79, 79, 85, 106, 125, 171, 278, 481, 855]","[82, 78, 79, 79, 85, 106, 125, 171, 278, 481, 855]",10,mexico,12,mexican,182,chip,
62,300,5041,b'Playa Cabana Cantina',4,82,b'Sansotei Ramen',"[82, 95, 136, 225, 530, 1856, 5864, 6796, 7059, 7185, 7235]","[82, 95, 136, 225, 530, 1856, 5864, 6796, 7059, 7185, 7235]","[82, 82, 88, 93, 114, 155, 205, 281, 379, 526, 678]","[82, 82, 88, 93, 114, 155, 205, 281, 379, 526, 678]","[82, 78, 74, 70, 62, 57, 57, 58, 64, 77, 92]","[82, 78, 74, 70, 62, 57, 57, 58, 64, 77, 92]",68,banana,65,espresso,58,cocktail,
63,300,5041,b'Playa Cabana Cantina',5,82,b'Sansotei Ramen',"[82, 94, 145, 226, 529, 1835, 6265, 7080, 7277, 7340, 7363]","[82, 94, 145, 226, 529, 1835, 6265, 7080, 7277, 7340, 7363]","[82, 95, 136, 225, 530, 1856, 5864, 6796, 7059, 7185, 7235]","[82, 95, 136, 225, 530, 1856, 5864, 6796, 7059, 7185, 7235]","[82, 83, 87, 88, 95, 107, 140, 202, 343, 676, 1525]","[82, 83, 87, 88, 95, 107, 140, 202, 343, 676, 1525]",160,overpriced,68,banana,52,beef,
64,300,5041,b'Playa Cabana Cantina',6,82,b'Sansotei Ramen',"[82, 66, 39, 26, 20, 19, 19, 17, 17, 16, 18]","[82, 66, 39, 26, 20, 19, 19, 17, 17, 16, 18]","[82, 94, 119, 157, 250, 457, 1016, 2413, 5441, 6362, 6774]","[82, 94, 119, 157, 250, 457, 1016, 2413, 5441, 6362, 6774]","[82, 87, 97, 112, 132, 175, 287, 769, 5476, 7150, 7332]","[82, 87, 97, 112, 132, 175, 287, 769, 5476, 7150, 7332]",32,taco,85,patty,151,busy,
65,300,5041,b'Playa Cabana Cantina',7,82,b'Sansotei Ramen',"[82, 90, 103, 135, 207, 431, 1253, 4885, 6439, 6913, 7112]","[82, 90, 103, 135, 207, 431, 1253, 4885, 6439, 6913, 7112]","[82, 98, 140, 254, 550, 1761, 6029, 6977, 7212, 7308, 7340]","[82, 98, 140, 254, 550, 1761, 6029, 6977, 7212, 7308, 7340]","[82, 77, 78, 75, 80, 97, 131, 193, 332, 601, 1111]","[82, 77, 78, 75, 80, 97, 131, 193, 332, 601, 1111]",204,dip,83,calamari,123,steak,
66,300,5041,b'Playa Cabana Cantina',8,82,b'Sansotei Ramen',"[82, 87, 99, 117, 158, 203, 285, 457, 727, 1171, 1776]","[82, 87, 99, 117, 158, 203, 285, 457, 727, 1171, 1776]","[82, 94, 145, 226, 529, 1835, 6265, 7080, 7277, 7340, 7363]","[82, 94, 145, 226, 529, 1835, 6265, 7080, 7277, 7340, 7363]","[82, 88, 94, 120, 150, 228, 480, 1831, 6392, 7140, 7302]","[82, 88, 94, 120, 150, 228, 480, 1831, 6392, 7140, 7302]",80,avocado,160,overpriced,87,tart,
67,300,5041,b'Playa Cabana Cantina',9,82,b'Sansotei Ramen',"[82, 78, 78, 70, 67, 66, 88, 106, 135, 179, 270]","[82, 78, 78, 70, 67, 66, 88, 106, 135, 179, 270]","[82, 76, 77, 78, 89, 111, 145, 204, 299, 411, 547]","[82, 76, 77, 78, 89, 111, 145, 204, 299, 411, 547]","[82, 78, 76, 77, 69, 67, 65, 71, 77, 102, 154]","[82, 78, 76, 77, 69, 67, 65, 71, 77, 102, 154]",155,refill,199,chili,117,rib,
68,300,5098,b'Bar Hop',0,111,b'Sansotei Ramen',"[111, 150, 224, 399, 1021, 4327, 6611, 7032, 7175, 7256, 7297]","[111, 150, 224, 399, 1021, 4327, 6611, 7032, 7175, 7256, 7297]","[111, 225, 643, 1716, 4475, 5551, 6001, 6208, 6358, 6450, 6506]","[111, 225, 643, 1716, 4475, 5551, 6001, 6208, 6358, 6450, 6506]","[111, 69, 30, 16, 11, 6, 5, 3, 1, 1, 1]","[111, 69, 30, 16, 11, 6, 5, 3, 1, 1, 1]",2,thai,226,pale ale,41,beer,
69,300,5098,b'Bar Hop',1,111,b'Sansotei Ramen',"[111, 224, 646, 5190, 7157, 7357, 7400, 7417, 7424, 7428, 7430]","[111, 224, 646, 5190, 7157, 7357, 7400, 7417, 7424, 7428, 7430]","[111, 108, 117, 120, 146, 216, 348, 590, 1005, 1693, 3372]","[111, 108, 117, 120, 146, 216, 348, 590, 1005, 1693, 3372]","[111, 92, 82, 72, 57, 41, 30, 21, 16, 13, 11]","[111, 92, 82, 72, 57, 41, 30, 21, 16, 13, 11]",189,fluffy,138,nail,3,bar,
70,300,5098,b'Bar Hop',2,111,b'Sansotei Ramen',"[111, 123, 140, 168, 215, 327, 521, 1119, 2491, 5283, 6223]","[111, 123, 140, 168, 215, 327, 521, 1119, 2491, 5283, 6223]","[111, 133, 151, 207, 307, 482, 770, 1238, 1871, 2915, 4867]","[111, 133, 151, 207, 307, 482, 770, 1238, 1871, 2915, 4867]","[111, 64, 33, 19, 18, 16, 15, 12, 12, 12, 12]","[111, 64, 33, 19, 18, 16, 15, 12, 12, 12, 12]",160,overpriced,65,espresso,100,oyster,
71,300,5098,b'Bar Hop',3,111,b'Sansotei Ramen',"[111, 98, 86, 72, 61, 53, 49, 47, 53, 63, 86]","[111, 98, 86, 72, 61, 53, 49, 47, 53, 63, 86]","[111, 151, 226, 457, 1071, 3281, 6026, 6667, 6954, 7075, 7142]","[111, 151, 226, 457, 1071, 3281, 6026, 6667, 6954, 7075, 7142]","[111, 99, 86, 75, 67, 50, 34, 28, 23, 24, 24]","[111, 99, 86, 75, 67, 50, 34, 28, 23, 24, 24]",34,potato,64,olive,151,busy,
72,300,5098,b'Bar Hop',4,111,b'Sansotei Ramen',"[111, 97, 82, 76, 69, 70, 75, 86, 100, 120, 136]","[111, 97, 82, 76, 69, 70, 75, 86, 100, 120, 136]","[111, 224, 646, 5190, 7157, 7357, 7400, 7417, 7424, 7428, 7430]","[111, 224, 646, 5190, 7157, 7357, 7400, 7417, 7424, 7428, 7430]","[111, 165, 307, 761, 4364, 7085, 7357, 7414, 7429, 7431, 7436]","[111, 165, 307, 761, 4364, 7085, 7357, 7414, 7429, 7431, 7436]",197,refreshing,189,fluffy,48,burger,
73,300,5098,b'Bar Hop',5,111,b'Sansotei Ramen',"[111, 151, 226, 457, 1071, 3281, 6026, 6667, 6954, 7075, 7142]","[111, 151, 226, 457, 1071, 3281, 6026, 6667, 6954, 7075, 7142]","[111, 111, 112, 114, 130, 158, 219, 309, 479, 717, 1096]","[111, 111, 112, 114, 130, 158, 219, 309, 479, 717, 1096]","[111, 132, 163, 231, 368, 815, 3284, 6796, 7208, 7317, 7356]","[111, 132, 163, 231, 368, 815, 3284, 6796, 7208, 7317, 7356]",64,olive,78,strawberry,4,fry,
74,300,5098,b'Bar Hop',6,111,b'Sansotei Ramen',"[111, 132, 163, 231, 368, 815, 3284, 6796, 7208, 7317, 7356]","[111, 132, 163, 231, 368, 815, 3284, 6796, 7208, 7317, 7356]","[111, 80, 56, 41, 35, 32, 32, 37, 36, 37, 41]","[111, 80, 56, 41, 35, 32, 32, 37, 36, 37, 41]","[111, 78, 51, 40, 28, 21, 12, 12, 10, 9, 9]","[111, 78, 51, 40, 28, 21, 12, 12, 10, 9, 9]",4,fry,85,patty,17,pub,
75,300,5098,b'Bar Hop',7,111,b'Sansotei Ramen',"[111, 98, 91, 81, 73, 67, 63, 62, 71, 76, 80]","[111, 98, 91, 81, 73, 67, 63, 62, 71, 76, 80]","[111, 172, 326, 898, 5216, 6992, 7260, 7340, 7370, 7386, 7398]","[111, 172, 326, 898, 5216, 6992, 7260, 7340, 7370, 7386, 7398]","[111, 116, 120, 136, 155, 215, 328, 664, 1669, 5092, 6357]","[111, 116, 120, 136, 155, 215, 328, 664, 1669, 5092, 6357]",42,sandwich,70,honey,37,bread,
76,300,5098,b'Bar Hop',8,111,b'Sansotei Ramen',"[111, 177, 343, 1061, 5716, 7103, 7304, 7367, 7394, 7406, 7411]","[111, 177, 343, 1061, 5716, 7103, 7304, 7367, 7394, 7406, 7411]","[111, 123, 140, 168, 215, 327, 521, 1119, 2491, 5283, 6223]","[111, 123, 140, 168, 215, 327, 521, 1119, 2491, 5283, 6223]","[111, 142, 205, 331, 648, 1561, 5257, 6721, 7063, 7191, 7248]","[111, 142, 205, 331, 648, 1561, 5257, 6721, 7063, 7191, 7248]",96,poutine,160,overpriced,173,dark,
77,300,5098,b'Bar Hop',9,111,b'Sansotei Ramen',"[111, 118, 121, 140, 155, 182, 216, 289, 373, 478, 611]","[111, 118, 121, 140, 155, 182, 216, 289, 373, 478, 611]","[111, 64, 33, 19, 18, 16, 15, 12, 12, 12, 12]","[111, 64, 33, 19, 18, 16, 15, 12, 12, 12, 12]","[111, 112, 109, 102, 101, 101, 97, 110, 123, 191, 347]","[111, 112, 109, 102, 101, 101, 97, 110, 123, 191, 347]",209,smoked,100,oyster,213,pot,
